user_id,first_name,last_name,email,user_password,address,phone,registration_date
1,John,Doe,john.doe1@example.com,123,123 Main St,123-456-7890,1/1/2023 10:00
2,Jane,Smith,jane.smith2@example.com,456,456 Elm St,123-555-7890,2/15/2023 14:30
3,Bob,Johnson,bob.johnson3@example.com,789,789 Oak St,123-666-7890,3/10/2023 8:45
4,Emily,Davis,emily.davis4@example.com,321,321 Maple St,123-777-7890,4/20/2023 12:00
5,Michael,Brown,michael.brown5@example.com,654,654 Pine St,123-888-7890,5/30/2023 16:15
6,Sarah,Wilson,sarah.wilson6@example.com,987,987 Cedar St,123-999-7890,6/25/2023 9:45
7,David,Taylor,david.taylor7@example.com,111,111 Birch St,123-444-7890,7/12/2023 11:30
8,Laura,Anderson,laura.anderson8@example.com,222,222 Spruce St,123-555-7890,8/18/2023 13:00
9,Chris,Thomas,chris.thomas9@example.com,333,333 Elm St,123-666-7890,9/5/2023 14:45
10,Jessica,Moore,jessica.moore10@example.com,444,444 Willow St,123-777-7890,10/10/2023 8:30
11,Daniel,Martin,daniel.martin11@example.com,555,555 Oak St,123-888-7890,11/15/2023 12:00
12,Amy,Jackson,amy.jackson12@example.com,666,666 Pine St,123-999-7890,12/1/2023 10:45
13,James,White,james.white13@example.com,777,777 Cedar St,123-444-7890,1/1/2024 9:00
14,Linda,Harris,linda.harris14@example.com,888,888 Maple St,123-555-7890,2/15/2024 13:15
15,Robert,Clark,robert.clark15@example.com,999,999 Birch St,123-666-7890,3/10/2024 11:30
16,Patricia,Hall,patricia.hall16@example.com,1234,1234 Willow St,123-777-7890,4/20/2024 15:00
17,Mark,Young,mark.young17@example.com,5678,5678 Spruce St,123-888-7890,5/30/2024 16:30
18,Elizabeth,King,elizabeth.king18@example.com,9012,9012 Elm St,123-999-7890,6/25/2024 9:15
19,Steven,Wright,steven.wright19@example.com,3456,3456 Oak St,123-444-7890,7/12/2024 11:45
20,Mary,Lopez,mary.lopez20@example.com,7890,7890 Pine St,123-555-7890,8/18/2024 14:00
21,Kevin,Baker,kevin.baker21@example.com,101,123 Ash St,123-456-7890,1/1/2024 9:00
22,Laura,Gonzalez,laura.gonzalez22@example.com,202,456 Oak St,123-555-7890,1/2/2024 9:00
23,Jason,Murphy,jason.murphy23@example.com,303,789 Maple St,123-666-7890,1/3/2024 9:00
24,Kimberly,Gray,kimberly.gray24@example.com,404,123 Pine St,123-777-7890,1/4/2024 9:00
25,Brian,James,brian.james25@example.com,505,456 Cedar St,123-888-7890,1/5/2024 9:00
26,Rebecca,Wright,rebecca.wright26@example.com,606,789 Spruce St,123-999-7890,1/6/2024 9:00
27,Eric,Mitchell,eric.mitchell27@example.com,707,123 Birch St,123-444-7890,1/7/2024 9:00
28,Melissa,Perez,melissa.perez28@example.com,808,456 Willow St,123-555-7890,1/8/2024 9:00
29,Matthew,Roberts,matthew.roberts29@example.com,909,789 Elm St,123-666-7890,1/9/2024 9:00
30,Anna,Turner,anna.turner30@example.com,1010,123 Oak St,123-777-7890,1/10/2024 9:00
31,Kenneth,Phillips,kenneth.phillips31@example.com,1111,456 Pine St,123-888-7890,1/11/2024 9:00
32,Nicole,Campbell,nicole.campbell32@example.com,1212,789 Cedar St,123-999-7890,1/12/2024 9:00
33,Scott,Collins,scott.collins33@example.com,1313,123 Spruce St,123-444-7890,1/13/2024 9:00
34,Karen,Edwards,karen.edwards34@example.com,1414,456 Birch St,123-555-7890,1/14/2024 9:00
35,Brandon,Stewart,brandon.stewart35@example.com,1515,789 Willow St,123-666-7890,1/15/2024 9:00
36,Rachel,Sanchez,rachel.sanchez36@example.com,1616,123 Elm St,123-777-7890,1/16/2024 9:00
37,Jonathan,Morris,jonathan.morris37@example.com,1717,456 Oak St,123-888-7890,1/17/2024 9:00
38,Christine,Evans,christine.evans38@example.com,1818,789 Pine St,123-999-7890,1/18/2024 9:00
39,Nathan,Ward,nathan.ward39@example.com,1919,123 Cedar St,123-444-7890,1/19/2024 9:00
40,Lauren,Hughes,lauren.hughes40@example.com,2020,456 Spruce St,123-555-7890,1/20/2024 9:00
41,Dylan,Flores,dylan.flores41@example.com,2121,789 Birch St,123-666-7890,1/21/2024 9:00
42,Julia,Green,julia.green42@example.com,2222,123 Willow St,123-777-7890,1/22/2024 9:00
43,Jeremy,Reed,jeremy.reed43@example.com,2323,456 Elm St,123-888-7890,1/23/2024 9:00
44,Megan,Walker,megan.walker44@example.com,2424,789 Oak St,123-999-7890,1/24/2024 9:00
45,Samuel,Ortiz,samuel.ortiz45@example.com,2525,123 Pine St,123-444-7890,1/25/2024 9:00
46,Katie,Hill,katie.hill46@example.com,2626,456 Cedar St,123-555-7890,1/26/2024 9:00
47,Alexander,Scott,alexander.scott47@example.com,2727,789 Spruce St,123-666-7890,1/27/2024 9:00
48,Alyssa,Rivera,alyssa.rivera48@example.com,2828,123 Birch St,123-777-7890,1/28/2024 9:00
49,Jordan,Richardson,jordan.richardson49@example.com,2929,456 Willow St,123-888-7890,1/29/2024 9:00
50,Courtney,Cox,courtney.cox50@example.com,3030,789 Elm St,123-999-7890,1/30/2024 9:00
51,Aaron,Howard,aaron.howard51@example.com,3131,123 Oak St,123-444-7890,1/31/2024 9:00
52,Brittany,Ward,brittany.ward52@example.com,3232,456 Pine St,123-555-7890,2/1/2024 9:00
53,Zachary,Peterson,zachary.peterson53@example.com,3333,789 Cedar St,123-666-7890,2/2/2024 9:00
54,Erin,Brooks,erin.brooks54@example.com,3434,123 Spruce St,123-777-7890,2/3/2024 9:00
55,Tyler,Bell,tyler.bell55@example.com,3535,456 Birch St,123-888-7890,2/4/2024 9:00
56,Bethany,Long,bethany.long56@example.com,3636,789 Willow St,123-999-7890,2/5/2024 9:00
57,Shane,Myers,shane.myers57@example.com,3737,123 Elm St,123-444-7890,2/6/2024 9:00
58,Amber,Foster,amber.foster58@example.com,3838,456 Oak St,123-555-7890,2/7/2024 9:00
59,Isaac,Ross,isaac.ross59@example.com,3939,789 Pine St,123-666-7890,2/8/2024 9:00
60,Christina,Ramos,christina.ramos60@example.com,4040,123 Cedar St,123-777-7890,2/9/2024 9:00
61,Travis,Price,travis.price61@example.com,4141,456 Spruce St,123-888-7890,2/10/2024 9:00
62,Danielle,Cruz,danielle.cruz62@example.com,4242,789 Birch St,123-999-7890,2/11/2024 9:00
63,Joshua,James,joshua.james63@example.com,4343,123 Willow St,123-444-7890,2/12/2024 9:00
64,Sabrina,West,sabrina.west64@example.com,4444,456 Elm St,123-555-7890,2/13/2024 9:00
65,Derek,Barnes,derek.barnes65@example.com,4545,789 Oak St,123-666-7890,2/14/2024 9:00
66,Amanda,Reynolds,amanda.reynolds66@example.com,4646,123 Pine St,123-777-7890,2/15/2024 9:00
67,Stephen,Bishop,stephen.bishop67@example.com,4747,456 Cedar St,123-888-7890,2/16/2024 9:00
68,Kathryn,Henderson,kathryn.henderson68@example.com,4848,789 Spruce St,123-999-7890,2/17/2024 9:00
69,Bryan,Hunter,bryan.hunter69@example.com,4949,123 Birch St,123-444-7890,2/18/2024 9:00
70,Ashley,Arnold,ashley.arnold70@example.com,5050,456 Willow St,123-555-7890,2/19/2024 9:00
71,Paul,Hamilton,paul.hamilton71@example.com,5151,789 Elm St,123-666-7890,2/20/2024 9:00
72,Vanessa,Graham,vanessa.graham72@example.com,5252,123 Oak St,123-777-7890,2/21/2024 9:00
73,Mitchell,Fields,mitchell.fields73@example.com,5353,456 Pine St,123-888-7890,2/22/2024 9:00
74,April,Griffin,april.griffin74@example.com,5454,789 Cedar St,123-999-7890,2/23/2024 9:00
75,Tyson,Murray,tyson.murray75@example.com,5555,123 Spruce St,123-444-7890,2/24/2024 9:00
76,Ana,Gibson,ana.gibson76@example.com,5656,456 Birch St,123-555-7890,2/25/2024 9:00
77,Marcus,Hamilton,marcus.hamilton77@example.com,5757,789 Willow St,123-666-7890,2/26/2024 9:00
78,Tina,Black,tina.black78@example.com,5858,123 Elm St,123-777-7890,2/27/2024 9:00
79,Victor,Warren,victor.warren79@example.com,5959,456 Oak St,123-888-7890,2/28/2024 9:00
80,Kelsey,Fox,kelsey.fox80@example.com,6060,789 Pine St,123-999-7890,2/29/2024 9:00
81,Blake,Dixon,blake.dixon81@example.com,6161,123 Cedar St,123-444-7890,3/1/2024 9:00
82,Melinda,Stone,melinda.stone82@example.com,6262,456 Spruce St,123-555-7890,3/2/2024 9:00
83,Isaiah,Day,isaiah.day83@example.com,6363,789 Birch St,123-666-7890,3/3/2024 9:00
84,Kristen,Stephens,kristen.stephens84@example.com,6464,123 Willow St,123-777-7890,3/4/2024 9:00
85,Joel,Payne,joel.payne85@example.com,6565,456 Elm St,123-888-7890,3/5/2024 9:00
86,Shelby,Jones,shelby.jones86@example.com,6666,789 Oak St,123-999-7890,3/6/2024 9:00
87,Adrian,Reed,adrian.reed87@example.com,6767,123 Pine St,123-444-7890,3/7/2024 9:00
88,Marie,Mills,marie.mills88@example.com,6868,456 Cedar St,123-555-7890,3/8/2024 9:00
89,Cameron,Little,cameron.little89@example.com,6969,789 Spruce St,123-666-7890,3/9/2024 9:00
90,Amber,Owens,amber.owens90@example.com,7070,123 Birch St,123-777-7890,3/10/2024 9:00
91,Kyle,Ford,kyle.ford91@example.com,7171,456 Willow St,123-888-7890,3/11/2024 9:00
92,Holly,Arnold,holly.arnold92@example.com,7272,789 Elm St,123-999-7890,3/12/2024 9:00
93,Colin,Marshall,colin.marshall93@example.com,7373,123 Oak St,123-444-7890,3/13/2024 9:00
94,Monica,Mills,monica.mills94@example.com,7474,456 Pine St,123-555-7890,3/14/2024 9:00
95,Tom,Matthews,tom.matthews95@example.com,7575,789 Cedar St,123-666-7890,3/15/2024 9:00
96,Ashley,Bryant,ashley.bryant96@example.com,7676,123 Spruce St,123-777-7890,3/16/2024 9:00
97,Keith,Reynolds,keith.reynolds97@example.com,7777,456 Birch St,123-888-7890,3/17/2024 9:00
98,Andrea,Richards,andrea.richards98@example.com,7878,789 Willow St,123-999-7890,3/18/2024 9:00
99,Jesse,Barnes,jesse.barnes99@example.com,7979,123 Elm St,123-444-7890,3/19/2024 9:00
100,Christina,Fisher,christina.fisher100@example.com,8080,456 Oak St,123-555-7890,3/20/2024 9:00
